P,D,question_num,text,answer,source_type,subject,topic,Bloom_level,keywords,,,,,,,,
81,31,110_18,"清廷治臺二百多年期間,多次調整臺灣地方行政區劃,其最主要的考量依據是:<br>(A)根據自然地理的形勢,分區管理<br>(B)根據交通線的延伸,作線狀開發<br>(C)因應民變,考量治安,置縣設廳<br>(D)隨漢人開發,設廳以保障原住民",C,學測單選題,清治臺灣,政治,了解,清廷/行政區劃/民變/治安/置縣設廳,,,,,,,,
64,33,110_19,"唐太宗下令大臣修《氏族志》,欲排定各姓氏等級。編成之後,太宗不滿意,指示重修時只需根據現在的官爵等第區分等級。修訂版將各姓氏分成九等級,以皇室為首,外戚次之。高宗時,宰相李義府門第寒微,想與山東士族結親被拒,乃上告高宗。唐高宗因此下令,山東士族「七姓十家不得自為婚」。唐代修訂《氏族志》、發布「禁婚令」,最主要目的是:<br>(A)擔憂士族通婚,聲氣相通,壟斷科舉考試晉身管道<br>(B)避免傳統士族透過聯姻結盟,禁婚壓抑其社會地位<br>(C)禁止士族近親通婚,避免造成人倫與社會關係混淆<br>(D)擔心士族通婚,擴大土地兼併,造成農民流離失所",B,學測單選題,隋唐,社會,了解,唐代/氏族志/士族/禁婚令/社會地位,,,,,,,,
71,25,110_20,"有人回憶:當時,食物都要配給,沒有咖啡,但有糖和紅茶。每次參加茶會,都要自備糖和茶葉。原本商店中還有牛油和乳酪,大多來自紐西蘭或加拿大,現在也少了。經常一個月也吃不上一斤肉,天天吃鱈魚。有一段時間,政府領導人還提倡自己種植糧食作物,解決糧食短缺問題。這最可能是何時何地的景象?<br>(A)一次世界大戰時的德國<br>(B)二次世界大戰時的英國<br>(C)文化大革命時期的中國<br>(D)首次石油危機時的伊朗",B,學測單選題,英國,社會,分析,二次世界大戰/英國/配給/糧食短缺/民生,,,,,,,,
44,29,110_21,"二十世紀初,一名道士在某處山洞中整理文物,發現許多自十六國到北宋以前的公私文書、大量的佛教典籍及繪畫作品。這些文件的書寫文字,除中文外,還有梵文和藏文等。許多外國學者聞風而至,購走大量文物,至今仍存於英、俄、法等國的國家博物館及圖書館。此山洞最可能位在:<br>(A)山西<br>(B)遼寧<br>(C)甘肅<br>(D)雲南",C,學測單選題,隋唐,文化,記憶,敦煌/佛教典籍/寫本/甘肅/絲路,,,,,,,,
20,8,110_22,"自 1943 年5月至 1944年7月間,日本帝國與臺灣總督府動員並組織超過兩萬名的臺灣青年,派遣至新幾內亞、菲律賓和印尼等地,擔任各種任務。這些臺灣青年最可能是:<br>(A)擔任突襲戰鬥任務的神風特攻隊<br>(B)擔任戰鬥任務的臺灣特別志願兵<br>(C)擔任軍機組裝工作的臺灣少年工<br>(D)擔任軍伕軍屬的臺灣特設勤勞團",D,學測單選題,日治臺灣,政治,記憶,二次世界大戰/臺灣總督府/軍伕/勤勞團/動員,,,,,,,,
50,69,110_23,"某一時期,許多知識分子研究軍事技術,紛紛著書立說,出版了《火輪船圖說》、《演炮圖說》、《西洋自來火銃制法》及《請仿西洋製造火藥疏》等書。這種情況最可能反映哪種思想?<br>(A)嚴守夷夏之防<br>(B)推動全盤西化<br>(C)師夷長技以制夷<br>(D)擴張軍國主義",C,學測單選題,明清,文化,了解,自強運動/師夷長技以制夷/軍事技術/西學/思想,,,,,,,,
64,41,110_24,"一位皇帝指示研商減稅事宜,隨即有大臣上奏:我朝前一陣子因為軍費支出甚多,政府財政有些不足,建議暫緩減稅政策。但皇帝認為:先前雲南、貴州、廣西、四川等省因大規模叛變,使得地方殘破不堪,田畝荒廢,財政才會短收。現在大亂已平,人口逐漸增加,荒地也逐一開墾,國用已經充足,就應與民休息。所以,仍決定減稅。這種情況最可能是:<br>(A)唐太宗親征高麗等地之後<br>(B)宋高宗與金簽訂和約之後<br>(C)明成祖發動靖難之役之後<br>(D)清聖祖平定三藩之亂之後",D,學測單選題,明清,政治,分析,清聖祖/康熙/三藩之亂/減稅/與民休息,,,,,,,,
47,51,110_25,"甲國企圖以經濟戰手段迫使乙國屈服,並保護自己的經濟發展,乃宣布禁止一切來自乙國的貨物登陸歐洲大陸;還在其統治區內,追查乙國商人並沒收乙國貨物,造成乙國經濟危機,引發社會動盪。但乙國尚有許多海外貿易,仍可支撐其經濟。這種情形最可能是:<br>(A)1651年,英國公布航海法,封鎖荷蘭貿易活動<br>(B)1806年,拿破崙為壓迫英國,發動對英國封鎖<br>(C)1917年,德國發動無限制潛艇作戰,封鎖英國<br>(D)1941年,美國對德國宣戰之後,封鎖德國貿易",B,學測單選題,法國,經濟,了解,拿破崙/大陸封鎖政策/英國/經濟戰/貿易,,,,,,,,
84,28,110_26,"1949年10月,共軍集中船隻對金門發動攻擊,遭守軍擊退。1950年3月,共軍又集結大批兵力,用類似「萬船齊發戰術」進攻海南島,迫使當地國軍撤守;5月底更攻占廣東萬山群島。共軍原本預定隨後再度對金門發動攻擊,但沒有多久就取消這項計畫。最可能的原因是:<br>(A)共軍軍備及船隻有限,已經無法再負擔長期作戰<br>(B)共軍顧忌金門兵力強大,寧可保持戰果故而避戰<br>(C)韓戰爆發,美國宣布派遣第七艦隊協助臺灣防務<br>(D)臺灣實施戒嚴,共軍乃轉以心戰策略來瓦解國軍",C,學測單選題,中華民國,政治,了解,韓戰/第七艦隊/金門/國共內戰/臺灣海峽,,,,,,,,
52,44,110_27,"十八世紀初,一位在中國傳教的法國傳教士於書信中描述,他所在的地區為群山中的平原,人口稠密,富人甚多。此地自西元一千年左右起已是重要的工業城,現有作坊三千座,產品不僅供應全中國,還外銷世界各地,數量驚人。這位傳教士詳述該地產品的製作過程,使歐洲人終得仿製成功。他所描述的產業最可能是:<br>(A)江西景德的瓷器製作<br>(B)浙江杭州的絲綢製品<br>(C)福建福州的武夷茶葉<br>(D)廣東沿海的醫療藥材",A,學測單選題,明清,經濟,分析,傳教士/景德鎮/瓷器/外銷/工業城,,,,,,,,
40,35,110_28,"1720年,某地的商業組織制訂「行規」,部分條文內容如下:華夷商民一視同仁,各行商應與夷商相聚一堂,共同議價,其有單獨行為者應受處罰。他處或他省商人來省與夷商交易時,本行應與之協訂貨價,俾得賣價公道;有自行訂定貨價或暗中購入貨物者罰。制訂這份文書者最可能是:<br>(A)廣州公行代表<br>(B)鹿港行郊郊商<br>(C)香港殖民政府<br>(D)天津通商大臣",A,學測單選題,明清,經濟,了解,廣州/公行/一口通商/行規/貿易,,,,,,,,
79,43,110_29,"某一時期,主事者推動一項政策:將工、農、學、兵結合在一起,便於領導。大部分人民編入組織,私人物品如鍋、盆、桌、椅都交給公家,以便共同生活、共同生產。不分男女都要工作,兒童都送到托兒所,甚至設置食堂,免費供應食物和必需品。原本希望建立自給自足的社會,結果卻造成工業停頓,經濟倒退,國民生產總值大幅減少。這最可能是何種制度或組織?<br>(A)1853年太平天國天朝田畝制<br>(B)1900年山東的義和團組織<br>(C)1931年江西的中華蘇維埃<br>(D)1958年華北各地人民公社",D,學測單選題,中華人民共和國,社會,記憶,人民公社/大躍進/公共食堂/集體生活/共產主義,,,,,,,,
26,26,110_30,"倫敦泰晤士河邊的一座紀念牌說明當地曾為一個商業團體的遺址。這個商業團體於十三世紀逐漸形成後,一直在北海與波羅的海間貿易,並沿泰晤士河、萊茵河與窩瓦河等主要河流,進入內陸貿易,商業路線還遠達俄羅斯。這個商業團體甚至擁有武力,在許多地方建立行政機構。這個團體最可能是:<br>(A)德意志商人為主的漢撒同盟<br>(B)活躍於地中海的威尼斯商社<br>(C)英格蘭商人為主的布商公會<br>(D)經營亞洲的荷蘭東印度公司",A,學測單選題,中世紀,經濟,記憶,漢撒同盟/商業團體/波羅的海/北海/中世紀貿易,,,,,,,,
53,30,110_31,"一位大臣向皇帝稟告:朝廷已三十多年未遷徙百姓守先帝陵墓,如今關東地區甚多富人,富人購買良田,招貧民耕種。他建議繼續推行遷徙,讓富人搬到首都附近的陵墓區,一方面壯大首都,衰弱王室諸侯;一方面可平均中等以下家庭的貧富差距。此政策因地方豪強抵制,且違背朝廷推動的孝道而難以執行。這最可能發生於:<br>(A)重視儒術的漢代<br>(B)偏安江南的東晉<br>(C)崇尚胡風的唐代<br>(D)推行科舉的宋代",A,學測單選題,秦漢,政治,分析,漢代/遷徙/守陵/豪強/強幹弱枝,,,,,,,,
63,40,110_32,"某一時期,有人記錄在中國旅行的見聞:漢字不像西方文字橫排書寫,由字母組成,而是由上而下的直排,每個字都有特定的符號,鄰近民族也都能認識。進入中國人的家中,一定有人端上一種顏色淡紅的溫水,以一種有苦味的草製成,有一股藥味,他們稱其為茶。這份記錄最可能出自:<br>(A)十六世紀來華傳教的耶穌會士,開始認識中國文化<br>(B)十七世紀入主中國的滿洲皇族,體會北京日常生活<br>(C)十八世紀來華朝貢的安南貢使,走訪中國風土民情<br>(D)十九世紀來華經商的英國商人,看到新奇特有事物",A,學測單選題,明清,文化,分析,耶穌會士/傳教士/文化觀察/漢字/茶,,,,,,,,
89,22,111_5,"某校歷史課程進行「歷史考察」學習時,要求同學事先蒐集族譜、臺灣總督府旅券（護照）、同鄉會名簿等史料,並進入內政部網站閱讀人口和戶口調查資料。該「歷史考察」的主題最可能是:<br>(A)人群的移動與交流<br>(B)國家的建立與形塑<br>(C)文化的類型與變遷<br>(D)宗教的起源與傳播",A,學測單選題,移民,社會,了解,族譜/臺灣總督府/旅券/戶口/人群移動,,,,,,,,
79,45,111_6,"一位學者提到:過去歷史研究的主體,往往偏重於統治者的歷史,比較忽略人民的歷史,其實,人民才是我們應該關心的主體。下列哪個主題最接近這位學者主張的研究方向?<br>(A)鄭氏王朝在臺的屯田政策<br>(B)清代臺灣職官制度的演變<br>(C)清代臺灣沿海的王爺信仰<br>(D)日本在臺殖民體制的建立",C,學測單選題,清治臺灣,文化,了解,庶民史/王爺信仰/歷史研究/由下而上/人民的歷史,,,,,,,,
47,47,111_7,"二十世紀初期,某人嚴厲抨擊貨幣的使用:「誰還需要該死的貨幣?生活意味著食物、衣服、房子與休息,沒有貨幣這種金屬與碎紙片,我們依然可以快樂生活。貨幣將會失去意義,政府應以實物取代貨幣,作為工作所得」。此人的論述反映下列哪個主義的觀點?<br>(A)重商主義<br>(B)自由主義<br>(C)共產主義<br>(D)法西斯主義",C,學測單選題,社會主義,經濟,了解,共產主義/貨幣/實物/社會主義/經濟思想,,,,,,,,
68,54,111_8,"中國傳統政治制度歷經漢、唐的演變而大備,日、韓等國立國較晚,其各種制度參酌中國者甚多,也有徒取其形式而忽略其精神的。例如:有某個制度在中國具有公平與促進社會流動的意義,在東亞的日本、朝鮮卻成為保障特定對象的工具。這個制度最可能是:<br>(A)戶籍<br>(B)律令<br>(C)賦役<br>(D)科舉",D,學測單選題,隋唐,政治,了解,科舉/社會流動/日本/朝鮮/東亞,,,,,,,,
18,19,111_9,"十五至十六世紀間,某王國曾興建一座大型的宮殿,此建築物分為三部分:正殿為國王舉行各種典禮和議政的場所;北殿專為接待中國的冊封使之用;南殿則自十七世紀初期開始,用來接待日本薩摩藩官員。該宮殿最可能位於:<br>(A)朝鮮<br>(B)暹羅<br>(C)安南<br>(D)琉球",D,學測單選題,日本,政治,記憶,琉球/冊封/薩摩藩/中國/日本,,,,,,,,
17,-13,111_11,"清宣統三年十二月二十五日(1912年2月12日),清帝溥儀頒布退位詔書。但在國立故宮博物院典藏的清代檔案中,發現一件進呈給溥儀的奏摺,時間標註為「宣統十六年七月」。我們應如何解釋這個現象?<br>(A)宣統朝只有三年,應該是清政府官員誤植年代的奏摺<br>(B)清帝雖退位,政府仍同意其繼續使用帝號和原有紀年<br>(C)洪憲帝制時,為獲滿族支持而以宣統紀年進呈的奏摺<br>(D)滿洲國成立,其政府官員上奏給溥儀,故以宣統紀年",B,學測單選題,中華民國,政治,了解,溥儀/退位/宣統/清室優待條件/紀年,,,,,,,,
47,25,111_12,"金門有許多洋樓,建築上裝飾著象徵吉祥如意的鳳梨、祈求多子多孫的麥穗、象徵科舉及第的螃蟹(以「甲殼」比喻「科甲」)、表示時間的西洋時鐘或扛著屋簷的印度苦力(象徵屋主的社會地位)。這些建築裝飾反映以下何種歷史現象?<br>(A)荷蘭人主導遠東貿易時期,當時盛行的建築風格也流傳至金門<br>(B)鄭成功家族前往巴達維亞貿易,並將當地的建築特色帶回金門<br>(C)民國早期,僑民從南洋帶回西方建築風格並融入金門傳統裝飾<br>(D)日本占領金門時,其商人引進當時歐洲最流行的巴洛克式裝飾",C,學測單選題,華人/移民,文化,了解,金門/洋樓/僑民/南洋/建築風格,,,,,,,,
59,15,111_13,"據統計,二次世界大戰期間德國平民死亡約 117 萬人,占該國 1939 年總人口1.6%;蘇聯平民死亡約 1400 萬人,占該國 1939年總人口 7.3%。蘇聯平民死亡人數與比率均遠多於德國的原因為何?<br>(A)納粹黨在東歐多處設立大型滅絕營,用毒氣殺害當地人<br>(B)蘇聯是主要戰場,戰火摧殘人命外,還有缺糧飢荒問題<br>(C)德、義、日軸心國武器優越,超過蘇聯、英、美同盟國<br>(D)為對付全球反共產勢力,大量的蘇聯士兵駐防東歐國家",B,學測單選題,蘇聯,政治,了解,二次世界大戰/蘇聯/平民死亡/東線戰場/戰爭,,,,,,,,
44,36,111_15,"中國的百貨公司成立以來,多以「洋貨」為主打商品。民國初年,某一事件發生期間,上海一間百貨公司在報紙上刊登「敬告國人書」:「外交失敗,悲憤同深,....敝公司雖係統辦環球貨品,然宗旨首重國貨,歐美貨次之,其某國貨,則僅供市上之需求耳。」並表示某國貨品存貨出清,即不再販售。不過,抵制某國貨品的聲浪如排山倒海而來,該公司只好再度聲明:概將某國貨品「完全收束不賣,寧願犧牲血本,以示與眾共棄之決心。」請問「某一事件」指的是:<br>(A)三一運動<br>(B)五四運動<br>(C)九一八事變<br>(D)七七事變",B,學測單選題,中華民國,社會,了解,五四運動/抵制日貨/國貨/民族主義/社會運動,,,,,,,,
36,9,111_16,"一份資料提到:1933 年的雙十國慶酒會選在臺北的鐵道旅館舉辦,出席的貴賓有美國、義大利駐臺領事及臺灣總督府高級長官。會場懸掛中華民國國旗,慶典中除演奏中華民國國歌外,還高呼「中華民國萬歲」。這段資料如何解讀最合理?<br>(A)當時滿洲國成立不久,日本乃邀請滿洲國官員來臺舉辦慶祝雙十國慶活動<br>(B)當時中日兩國的關係親密和善,臺灣總督府乃主動舉辦慶祝雙十國慶酒會<br>(C)當時來臺的中國僑民日多,國府已在臺北設立領事館,故能舉辦國慶活動<br>(D)當時的臺灣總督府正在進行皇民化政策,故舉辦雙十酒會來攏絡臺灣人民",C,學測單選題,日治臺灣,政治,分析,日治臺灣/雙十國慶/中華民國/領事館/僑民,,,,,,,,
41,19,111_17,"某國的動力織布機技術在十九世紀初獨步全球,該國嚴格控管此關鍵技術,避免秘密外洩。一名外國技師刻意潛入該國工廠學習,花費六個月將所有技術細節記在腦中,回國後憑記憶建立相同的動力織布工廠,推動自己國家的工業技術革新。此情況最可能是:<br>(A)他從英國偷學技術,帶回美國<br>(B)他從英國偷學技術,帶回日本<br>(C)他從美國偷學技術,帶回印度<br>(D)他從美國偷學技術,帶回俄國",A,學測單選題,工業革命/美國,經濟,記憶,工業革命/動力織布機/英國/美國/技術轉移,,,,,,,,
75,42,112_5,"學者在臺灣北部的十三行遺址中,發現七世紀中國與十七世紀日本鑄造的兩種銅錢,並指出它們是出土於墓葬的陪葬品。這些銅錢可用於討論臺灣史前文化的哪項議題？<br>(A)文化的傳承關係<br>(B)東亞各國的交流<br>(C)交易的貨幣單位<br>(D)人群遷徙的方向",B,學測單選題,史前臺灣,經濟,了解,十三行遺址/史前臺灣/銅錢/東亞交流/貿易,,,,,,,,
83,23,112_6,"西漢初年,政府官員主要由宗室、軍人、富人組成。漢武帝推動政制改革,採納董仲舒建議,擴大推行察舉制度,大量任用讀書人為官。下列何者最適合描述漢武帝採納董仲舒建議所造成的結果？<br>(A)地方權力提高,君權弱化<br>(B)儒生成為官員的主要來源<br>(C)政府壓抑商人,經濟停滯<br>(D)政府建立官員的輪調制度",B,學測單選題,秦漢,政治,了解,漢武帝/董仲舒/察舉制度/儒生/官員選拔,,,,,,,,
85,27,112_7,"十九世紀中期有人在某個紀念日控訴:「各位,我與我所代表的人,跟你們的紀念日有何關連?你們歷史上偉大宣言所揭櫫的偉大原則,有擴及到我們嗎?我們並不被包括在這個紀念日內,我們與你們是不平等的。你們前輩留下的遺產:正義、自由、繁榮與獨立,只由你們享受,而我們沒有。」這個控訴最可能發表於:<br>(A)美國獨立紀念日;控訴黑人與白人不平等<br>(B)拿破崙戰爭紀念日;控訴女性與男性不平等<br>(C)俄國革命紀念日;控訴勞動者與資本家不平等<br>(D)印度獨立紀念日;控訴印度教徒與穆斯林不平等",A,學測單選題,美國,社會,分析,美國/獨立紀念日/黑人/種族不平等/廢奴運動,,,,,,,,
52,32,112_8,"十七世紀西班牙傳教士提及:中國商人帶大量貨物來基隆,若貨物只能賣給西班牙駐軍,駐軍又因未領薪而缺錢購買商品,那麼中國商人將不再來基隆貿易。由此來看,基隆吸引中國商人前來貿易的主因是:<br>(A)此處為天然良港,適合作為貿易據點<br>(B)當地有西班牙駐軍,可保障交易安全<br>(C)在此處與駐軍貿易,可取得美洲白銀<br>(D)港區已是龐大市場,有利於發展貿易",C,學測單選題,大航海時代,經濟,分析,西班牙/基隆/貿易/中國商人/美洲白銀,,,,,,,,
43,32,112_9,"泉州又名刺桐城,宋元時期是海外貿易重要港口,曾發現一方波斯人墓碑,刻有漢文、阿拉伯文與波斯文。阿拉伯文為:「人人都要嚐死的滋味。」波斯文為:「艾哈瑪德·本·和加·哈基姆·艾勒德死於艾哈瑪德家族母親的城市—刺桐城。」漢文為:「先君生於壬辰六月二十三日申時,享年三十歲。於元至治辛酉九月二十五日卒,遂葬於此。」此墓碑可作為下列哪項描述宋元時期泉州波斯人的佐證？<br>(A)經商客死他鄉者多<br>(B)會與漢人相互通婚<br>(C)全數已經改信回教<br>(D)採用儒家喪葬儀式",B,學測單選題,宋元,社會,分析,泉州/宋元/波斯人/墓碑/通婚,,,,,,,,
61,33,112_10,"十九世紀晚期臺灣開港通商,西方傳教士來傳教,但在漢人市街多遇反彈,故部分傳教士在洋行商人協助下,進入淺山地區的「熟番」部落傳教。此傳教活動範圍的擴張最可能和洋行商人經營哪項事業有關？<br>(A)種椰取汁<br>(B)圍獵捕鹿<br>(C)插蔗煮糖<br>(D)伐樟結腦",D,學測單選題,清治臺灣,經濟,了解,開港通商/傳教士/熟番/洋行/樟腦,,,,,,,,
33,-4,112_11,"日治時期某報紙發刊詞提及:「……臺灣學堂裡的教科(科目),又多不用到漢文,對於漢文一學很不用工(很消極)……漢文因這樣難懂又沒獎勵的機會,所以我們臺灣的兄弟自二十年來已經廢棄不慣了。」此發刊詞的寫作背景,和日本殖民政府正在推行的哪項政策有關？<br>(A)因應教師、通譯的需求,成立國語學校<br>(B)公學校皆改為國民學校,推動義務教育<br>(C)推行日臺共學,常用日語者可入小學校<br>(D)日本領臺初期,將書房、義塾納入管理",C,學測單選題,日治臺灣,文化,了解,日治臺灣/漢文/日臺共學/語言政策/教育,,,,,,,,
50,32,112_12,"某一歷史時期的移民群體,遷居已經八、九代,以領俸祿為生,若有土地也全交給佃客耕種,而不親自下田,完全不懂人情世故,所以當官不明事理,治家也不行。這種現象最可能出現於何時？<br>(A)春秋時期<br>(B)兩漢時期<br>(C)魏晉時期<br>(D)宋明時期",C,學測單選題,魏晉南北朝,社會,了解,魏晉/南渡/士族/僑姓/門閥,,,,,,,,
58,34,112_13,"一份資料寫道:「痛只痛,甲午年,打下敗陣。痛只痛,庚子歲,慘遭殺傷。痛只痛,割去地,萬古不返。痛只痛,所賠款,永世難償。……雪仇恥,驅外族,復我冠裳。到那時,齊叫道,中華萬歲。」這份資料最可能出自哪份文件？<br>(A)太平天國時,洪李太平軍的告民書<br>(B)戊戌變法後,康、梁維新派的宣言<br>(C)八國聯軍後,革命黨人的宣傳書冊<br>(D)立憲運動時,各省仕紳的改革方案",C,學測單選題,明清,政治,了解,甲午戰爭/庚子拳亂/革命黨/排滿/宣傳品,,,,,,,,
45,22,112_14,"學者指出,蒙古人統治各地區後,對各地宗教都一視同仁而給予優遇;在元代戶口職業世襲制度下,儒戶待遇約略等於佛僧和道士,是諸色戶口職業中較受優遇的一種,娼人地位遠低於儒戶,只是元代士人的仕進機會與在社會上所受尊崇不如前後各代。根據題文,以下何者最能說明元代統治者對儒士的立場？<br>(A)對儒士抱持懷柔寬容的態度<br>(B)與其他世襲戶口均平等對待<br>(C)貶抑儒士而削減其入仕機會<br>(D)類同宗教神職人員予以尊重",D,學測單選題,宋元,社會,分析,元代/儒戶/戶計制度/儒士/社會地位,,,,,,,,
25,21,112_16,"某國文化部長憤怒的說:「許多我國古代雕像都在別國博物館內,這些雕像原本在宗教建築內。後來基督信仰普及、伊斯蘭勢力也進來,都說雕像是異教物而棄置,建築物被當成彈藥庫,毀壞後成了大廢墟。接著一些外國人來,欣賞廢墟又喜愛殘破雕像,說這是文明成就,而且把雕像帶回國,至今不願歸還我們,還強辯說是合法取得的藝術品!」文化部長批評的是:<br>(A)十字軍東征時,士兵從西亞的墓穴取下雕像<br>(B)鄂圖曼帝國時,土耳其人拿下東歐教堂雕像<br>(C)西方帝國主義擴張時,英國人帶走希臘雕像<br>(D)英法聯軍侵略中國時,帶走了圓明園內雕像",C,學測單選題,古希臘,文化,了解,希臘/英國/鄂圖曼帝國/帕德嫩神廟/文化資產,,,,,,,,
32,37,112_17,"一位歷史人物的紀念展覽開幕時,貴賓致詞重點如下:<br>甲:「他認為暴君違反上帝旨意,人民有責任抵抗,我們祖先依此說法開始反抗,十七世紀終於成為主權獨立國家。」<br>乙:「他的論點為資本主義提供道德支撐,促使我們在十七世紀成為資本主義富裕之國與海外貿易強權。」<br>丙:「今日我們北部有些社區人民不看電視、不設網路,仍然嚴格遵守他當時拒絕娛樂文化的教導。」<br>這個展覽最可能是:<br>(A)尼德蘭紀念喀爾文<br>(B)德國紀念馬丁路德<br>(C)英國紀念亞當斯密<br>(D)法國紀念孟德斯鳩",A,學測單選題,宗教改革,文化,分析,喀爾文/宗教改革/尼德蘭/資本主義/新教倫理,,,,,,,,
57,42,112_19,"十五至十七世紀馬來半島南部海岸,有許多自殖民母國遷入該地的男性商人、船員與苦力,在與當地女性通婚後,逐漸在當地形成一混血的少數族群,並保有原鄉海神節的慶典習俗。該族群在節慶當天,會先在海邊進行彌撒,接著抬出聖彼得神像遊行,最後來到船隻旁灑聖水祈福。根據前述,該族群的先人最可能來自下列哪個地區？<br>(A)中國東南沿海<br>(B)西亞肥沃月灣<br>(C)澳洲東部沿岸<br>(D)伊比利半島西部",D,學測單選題,東南亞/葡萄牙,文化,分析,馬來半島/葡萄牙/天主教/聖彼得/文化融合,,,,,,,,
86,26,113_3,"小宜在書上讀到一段資料:「十七世紀以後,咖啡風行歐洲,帶動咖啡消費風氣,使之成為大眾化飲料,歐洲各國其後也開始在殖民地大量種植咖啡。」依據此段歷史敘述,小宜推斷當時的咖啡市場價格應該會下跌。依市場分析,其推論之依據應為下列何者?<br>(A)咖啡已經成為大眾化飲品,消費市場便容易發生短缺<br>(B)咖啡消費需求增加,但殖民地大量種植供給增加更大<br>(C)歐洲各國在殖民地種植咖啡後,同步刺激了消費成長<br>(D)政府預期咖啡價格將有大波動,採取了價格管制政策",B,學測單選題,全球化,經濟,了解,咖啡/殖民地/供給與需求/市場價格/全球貿易,,,,,,,,
44,45,113_4,"十七世紀荷蘭人來臺後,西班牙官員的報告提到:「荷蘭與日本帶給我們極大的損失,如去年荷蘭人擄獲一艘我國船隻,船上載著大量銀兩。……我建議在臺灣的另一個港口取得據點,便可將荷蘭人逐出他們的現居地。如果國王能在那裡建一商館,將使我們的根據地回復舊時榮光。」報告中「另一個港口」和「根據地」分別是指:<br>(A)打狗、澳門<br>(B)基隆、馬尼拉<br>(C)安平、麻六甲<br>(D)淡水、巴達維亞",B,學測單選題,大航海時代,政治,了解,荷蘭/西班牙/臺灣/基隆/馬尼拉,,,,,,,,
69,15,113_5,"在歷史課程中,某生找到一份有關南宋繁華城市的資料:城中的民家緊鄰壕溝,甚至跨溝造屋而居,人們多將垃圾、穢物等丟棄溝中,不僅處處汙穢潮濕,偏街窄巷的氣味更讓人掩鼻難耐。根據上述資料分析,下列哪個推論最合理?<br>(A)政府忙於抗金,無力管理居民<br>(B)瘴癘盛行,導致城市惡臭潮濕<br>(C)坊市瓦解,無力維修城郭街道<br>(D)城市人口密集,公共衛生欠佳",D,學測單選題,宋元,社會,了解,南宋/城市/人口密集/公共衛生/坊市制度,,,,,,,,
52,7,113_6,"美國前國防部長檢討越戰失利,指出:「美國錯以為當地人會為自由民主而戰,我們以為好的,對越南人而言,未必一定是好的,這反映我們對當地歷史、文化、政治的無知。我們又不肯承認現代軍事科技在面對北越陣營士氣高昂時,仍有力不從心之處。」他認為美國的錯誤最主要是:<br>(A)美國出兵越南不符合國家利益<br>(B)美國軍事科技的能力有侷限性<br>(C)越南因信奉共產主義而反民主<br>(D)忽略越南人民的民族獨立意志",D,學測單選題,美國/越南,政治,分析,越戰/美國/民族主義/獨立意志/文化差異,,,,,,,,
29,14,113_7,"某生進行探究學習時,根據明代《寧波府志》的資料,整理出 1522至1542年間鄞縣等地的人口資料(表1)。比對史書記載,發現此時期該地區並無大的天災或戰亂,按理戶數和人口數應會增加,但實則不然。針對上述現象,以下哪個解釋最合理?<br>(A)明代簡化賦役為按土地人丁徵銀,官員不再精算戶、口數<br>(B)當地官員為維持轄下治安,強制將新增加的人口遷移他處<br>(C)當地鄰近海口,大量人民搭乘海船前往遼東地區開墾荒地<br>(D)明代實施海禁,當地由於海盜猖獗,政府乃限制移民進入",A,學測單選題,明清,經濟,了解,明代/一條鞭法/賦役/人口統計/戶口,,,,,,,,
81,38,113_9,"為開發山林資源,日治前期延續清代臺灣山區的隘防政策,以防堵原住民。根據表2呈現的官隘與民隘人數變化,可說明日治前期隘防政策的哪種發展趨勢?<br>(A)官方僱用平埔族人防禦<br>(B)山區防禦漸由官方主導<br>(C)從武力鎮壓到安撫教化<br>(D)山區居民漸被官方撤離",B,學測單選題,日治臺灣,政治,分析,日治臺灣/隘勇/隘防政策/官方主導/原住民,,,,,,,,
70,24,113_10,"1960年美國總統候選人尼克森表示:中國共產黨聲明,攻擊沿海小島只是拿下臺灣的前奏。一旦中共發動對臺灣的攻擊,美國將站在盟友這邊,如同對歐洲某個城市的支持一樣。他說的沿海小島和歐洲城市分別指:<br>(A)金門、柏林<br>(B)大陳、倫敦<br>(C)澎湖、巴黎<br>(D)馬祖、華沙",A,學測單選題,中華民國,政治,記憶,金門/柏林/尼克森/冷戰/臺灣,,,,,,,,
36,34,113_11,"某本歷史教科書在最後一節「未來的世界」中有如下結論:「國民黨領導的國民革命是世界革命的準繩,三民主義將取代帝國主義和社會主義,成為領導人類建立大同世界的普遍理念,中國對於這一目標的實現負有不可推卸的責任。」這最可能是何時、何地的教科書?<br>(A)1910年代初的北京<br>(B)1930年代初的上海<br>(C)1960年代末的南京<br>(D)1990年代末的香港",B,學測單選題,中華民國,政治,了解,國民黨/三民主義/教科書/意識形態/南京國民政府,,,,,,,,
62,34,113_12,"日本某位天皇在位期間,曾將國有土地分授給人民,並規定不得買賣,死後必須歸還政府;同時,政府也向人民徵收穀物、布疋,以及要求貢納各鄉土的特產。上述措施,最可能受到中國哪個制度的影響?<br>(A)三國戶調制<br>(B)西晉占田制<br>(C)唐代租庸調法<br>(D)明代一條鞭法",C,學測單選題,日本,政治,了解,日本/大化革新/班田收授法/租庸調法/唐代,,,,,,,,
43,37,113_13,"亞洲某處沿海寺廟的建廟碑文寫道:「……崇祀聖母神像,我唐人所共建也。自嘉慶二十三年(1818年),英吏斯臨,新闢是地,……謂可為商賈聚集之區。……數年之間,遂成一大都會。我唐人由內地帆海而來,經商茲土,惟賴聖母慈航。」從碑文判斷,此寺廟最可能的地點是:<br>(A)新加坡<br>(B)雅加達<br>(C)馬尼拉<br>(D)長崎",A,學測單選題,華人/移民,社會,分析,新加坡/萊佛士/媽祖/華人移民/碑文,,,,,,,,
63,47,113_14,"日本大阪西北方的「寶塚市」,為知名觀光旅遊勝地。遊客可在榮町的寶塚大劇場觀賞東西方歷史劇表演,在湯本町的寶塚溫泉泡湯,參訪市郊紫雲山以祈求安產、護佑嬰兒聞名的佛寺中山寺,參觀武庫川町的手塚治虫漫畫紀念館。上述哪個地方的景點,最能說明東亞文化圈的擴散現象?<br>(A)榮町<br>(B)湯本町<br>(C)紫雲山<br>(D)武庫川町",C,學測單選題,日本,文化,了解,東亞文化圈/佛教/文化擴散/日本/寺廟,,,,,,,,
36,20,113_15,"北宋末年有詩云:「泉州人稠山谷瘠,雖欲就耕無地辟,州南有海浩無窮,每歲造舟通異域。」該詩最可能說明當時泉州具有下列哪種社經發展特色?<br>(A)生產技術革新,促使沿岸漁業產量提升,居民財富得以增加<br>(B)土地贍養力低,人們多前往臺灣從事墾殖,在異鄉建立聚落<br>(C)產業升級快速,從事手工業以增加附加價值,提高人均收入<br>(D)人口壓力過重,居民透過對外貿易創造利潤,彌補家鄉生計",D,學測單選題,宋元,經濟,了解,泉州/宋代/海外貿易/人口壓力/土地不足,,,,,,,,
30,34,113_17,"某同學小論文探究臺灣某茶鄉的產業發展,採集到具有地方特色的閩南語「相褒歌」:「透早(清晨)出門上茶山,冷風吹來會畏寒(感到寒冷)。親像(好比)孤鳥揣(找)無伴,怎樣放我會孤單。」當地種茶事業的發達與 1860年代「臺灣開港」有密切關係,1860至1960年代也是「相褒歌」最流行的期間。該小論文研究區域最可能位於下列何地?<br>(A)新北市石碇區烏塗窟<br>(B)新竹縣北埔鄉六份壢<br>(C)南投縣竹山鎮杉林溪<br>(D)嘉義縣阿里山鄉樂野",A,學測單選題,清治臺灣,經濟,應用,臺灣開港/茶葉/相褒歌/新北市/產業史,,,,,,,,
42,24,114_7,"葉生撰寫《在「他鄉」成為「原住民」》一文,摘要時寫到:此族群的名稱曾是地名轉化後的行政區名,因原鄉土地流失而在十九世紀遷入花蓮平原。後因新開地爭奪與清軍衝突,發生加禮宛戰役,失敗後被迫離散,多數族人移居東海岸,與阿美族混居,但仍保有其傳統文化。此族群發起正名運動並成功,但原鄉許多族人受限法令,未能取得原住民族身分。此族群為: (A)布農族 (B)太魯閣族 (C)噶瑪蘭族 (D)西拉雅族",C,學測單選題,原住民,社會,記憶,加禮宛/花蓮/噶瑪蘭族/正名運動/阿美族,原住民,TRUE,社會,TRUE,記憶,TRUE,加禮宛/花蓮/噶瑪蘭族/正名運動/阿美族,TRUE
49,28,114_8,"教育政策的制定往往與國家的政經局勢息息相關。戰後臺灣教育政策依序有:蠲除日本文化思想、戰亂建國、提升國民素質以及教育鬆綁、尊重多元等面向,而與之配合的作法包括:(甲)強化軍事訓練與政治教育;(乙)實施九年國民義務教育;(丙)推行國語教育;(丁)推動大學自治。上述甲、乙、丙、丁出現的順序應為: (A)甲乙丙丁 (B)甲丙乙丁 (C)丙乙甲丁 (D)丙丁乙甲",D,學測單選題,中華民國,政治,記憶,義務教育/國語運動/戰後臺灣教育/教育政策/滌除日本文化思想,中華民國,TRUE,政治,TRUE,記憶,TRUE,義務教育/國語運動/戰後臺灣教育/教育政策/滌除日本文化思想,TRUE
60,31,114_9,"中國古代國家從封建制轉化為郡縣制的過程中,統治者控制和掌握人民的方式也出現變革,並形成新的社會型態,此變化最重要的意義是: (A)編製戶籍成為統治者動員人力的主要依據 (B)頒布法律成為統治者建構權威的主要途徑 (C)徵收賦役是消弭社會貧富不均的主要作法 (D)計口授田是提高社會勞動生產的主要措施",A,學測單選題,秦漢,政治,了解,郡縣制/戶籍/政治權威/賦役/法律,秦漢,TRUE,政治,TRUE,了解,TRUE,郡縣制/戶籍/政治權威/賦役/法律,TRUE
75,26,114_10,"一位史家認為:在啟蒙運動中,重要的思想家通常出身貴族,或者與貴族有密切聯繫,很少挑戰當時的政治與社會秩序。這位史家還發現在1780年代法國大革命前的暢銷書,多是一些八卦式的虛構文學,主題如「教宗的私生子」、「皇后的奢靡生活」等。這些作者透過撰寫捏造上流人士醜聞的小冊來養活自己並抒發心中的苦悶。從上文可知,史家認為這類暢銷書與法國大革命之間的關係最可能是: (A)啟發人民以爭取民主自由 (B)打擊了王室與教會的權威 (C)敵國為顛覆法國故予支持 (D)為了賺錢以支持革命運動",B,學測單選題,啟蒙運動/法國,社會,分析,啟蒙運動/法國大革命/貴族/法國/教會,啟蒙運動/法國,TRUE,社會,TRUE,分析,TRUE,啟蒙運動/法國大革命/貴族/法國/教會,TRUE
67,41,114_11,"1950至1980年代,中共在政策上促成中國內部大規模人口流動,大多是漢族移往少數民族自治區,如內蒙古、新疆、西藏等地,其主因是為了: (A)促進國內與鄰國族群往來,帶動邊疆經濟開發 (B)推動不同信仰的族群交流,創造多元宗教環境 (C)改變當地人口與族群結構,以加強政府的控制 (D)強迫與邊境少數民族通婚,強化當地文化傳承",C,學測單選題,中華人民共和國,政治,了解,中共/移民/內蒙古/新疆/西藏,中華人民共和國,TRUE,政治,TRUE,了解,TRUE,中共/移民/內蒙古/新疆/西藏,TRUE
60,49,114_12,"學者指出,二次大戰結束前,蘇聯基於雅爾達會議對日宣戰,得以在日本投降後,接收日軍在中國東北留下的設備及武器等。同時,為彌補勞動力,扣留此地的數十萬名日本平民,送往西伯利亞強制進行苦役勞動。這批日本平民最可能是: (A)日、俄戰爭後,日本政府為解決國內經濟危機所推動的計畫移民 (B)併吞朝鮮之後,日本政府為拓墾東北亞殖民地所推動的季節移民 (C)第一次大戰後,日本政府為擴大對中國的影響所推動的自願移民 (D)滿洲國建立後,日本政府為協助該國經濟建設所推動的政策移民",D,學測單選題,日本/蘇聯,社會,記憶,第二次世界大戰/雅爾達會議/日本/蘇聯/滿洲國,日本/蘇聯,TRUE,社會,TRUE,記憶,TRUE,第二次世界大戰/雅爾達會議/日本/蘇聯/滿洲國,TRUE
39,-1,114_13,"1814 年,英人萊佛士造訪爪哇島上建於約八、九世紀的佛教遺址,看到許多巨大的佛塔,塔上飾以千幅的浮雕作品及數百尊佛陀雕像。此遺址形成的背景最可能是: (A)越南接受從西域直接傳來的佛教,再傳往當地 (B)唐朝派遣使節前往當地傳播佛教時,雕塑佛像 (C)日本派遣僧侶前往當地推廣佛教時,建造佛塔 (D)印度人將佛教傳播到當地,影響其建築與雕塑",D,學測單選題,東南亞,文化,了解,佛教/印尼/萊佛士/印度/文化傳播,東南亞,TRUE,文化,TRUE,了解,TRUE,佛教/印尼/萊佛士/印度/英國,FALSE
52,33,114_14,"四世紀末,羅馬皇帝狄奧多西一世因信奉基督教,下令關閉羅馬境內所有異教神廟,包括埃及的神廟,使得最後一批懂古埃及文的祭司四處流散。這個舉動造成的最大影響應當是: (A)長期無人識讀古埃及文字系統 (B)基督教成為西方世界唯一宗教 (C)羅馬皇帝成為埃及宗教的教宗 (D)羅馬脫離埃及文化而自成體系",A,學測單選題,羅馬帝國,文化,分析,羅馬/基督教/埃及/古埃及文/狄奧多西一世,羅馬帝國,TRUE,文化,TRUE,分析,TRUE,羅馬/基督教/埃及/古埃及文/狄奧多西一世,TRUE
62,48,114_16,"十九世紀末,一位英國議員批評清朝允許朝鮮與其他國家締結條約,有違國際慣例,但也指出:「若不採取此種方式,就無法引進外國勢力,以阻止清朝在朝鮮地區最害怕的兩個國家。」這兩個國家最可能是: (A)美國、日本 (B)日本、俄國 (C)俄國、英國 (D)英國、美國",B,學測單選題,明清,政治,記憶,清朝/朝鮮/條約/日本/俄國,明清,TRUE,政治,TRUE,記憶,TRUE,清朝/朝鮮/條約/日本/俄國,TRUE
60,36,114_17,"宋元時期,中國船隻出海必須取得市舶司發給以漢字書寫的「公憑」,是記載貨物相關內容的出海執照,也是東亞各港口驗證商船的依據。明朝實施海禁,琉球在明朝的封貢秩序下,進行與東亞、東南亞各國間的中轉貿易。琉球國王以漢字咨文(外交文書)與暹羅等國往來,琉球負責貢舶貿易的官員也以漢字文書與舊港(印尼蘇門答臘東部)的華人領袖聯繫。根據上文,下列哪個推論最合理? (A)中國政府強制貿易必須使用漢字 (B)各國商人認為使用漢字難以竄改 (C)東亞港口長期通行漢字已為定例 (D)東亞港口的官員及商人均為華人",C,學測單選題,宋元/明清/東南亞,文化,分析,公憑/海禁/東亞/漢字/文化圈,宋元/明清/東南亞,TRUE,文化,TRUE,分析,TRUE,公憑/海禁/東亞/漢字/東南亞,FALSE
39,21,114_22,"「日治時期,為了支援製糖會社的發展,臺灣總督府協助會社興建『糖業鐵道』,以利農場運送甘蔗至糖廠,製糖後輸往海外。1990 年代開始,部分農場土地釋出,提供科學園區或相關產業使用;其他農場儘管仍維持農業使用,但轉為栽種毛豆等經濟價值較高的作物外銷,部分糖業鐵道也轉型為觀光使用。」僅依題文資訊,上文最可能是下列哪個研究的摘要? (A)糖業發展與國際貿易關係之研究 (B)糖業專業分工與產品標準化之研究 (C)經濟全球化與糖業地景變遷之研究 (D)知識經濟下糖業產業系統轉變之研究",C,學測單選題,日治臺灣/中華民國,經濟,分析,糖業/地景變遷/全球化/科學園區/產業轉型,,,,,,,,
21,17,114_27,"全球各殖民地在獨立後,有些殖民地成為富國,有些卻深陷貧窮。對此,某書指出「北美、澳紐等地區,原為人口相對稀少且技術較落後,被殖民後,經濟快速成長。中南美洲人口相對密集,但被殖民後,到近代卻發展遲緩。」該書從體制、自然環境、人口密度與人口移動等角度,解釋上述殖民地獨立後呈現經濟發展不均的現象。下列何者最能解釋該書的說法? (A)英國法制較注重個人財產權,有助繼承制度的北美與澳紐人民勇於投資 (B)西、葡種植咖啡需大量資金,使得中南美洲的此類栽培業擁有較多企業 (C)黃熱病、瘧疾容易導致死亡,因而屬於熱帶氣候區的殖民地較缺乏勞力 (D)古文明地區環境負載力較低,促使地處於古文明的殖民地發展較為遲緩",A,學測單選題,全球化/資本主義,經濟,分析,殖民地/經濟發展/制度/財產權/英國法制,,,,,,,,